Sheffield,AL
Phoenix,AZ
Ark.,AR
San Francisco,CA
San Diego,CA
Los Angeles,CA
Bay Area,CA
The Bay,CA
Cali,CA
Silicon Valley,CA
Denver,CO
Conn.,CT
Tampa,FL
Miami,FL
Fort Lauderdale,FL
Atlanta,GA
ATL,GA
Chicago,IL
Ind.,IN
Wichita,KS
Louisville,KY
New Orleans,LA
Md.,MD
Boston,MA
Detroit,MI
Minneapolis,MN
Miss.,MS
st louis,MO
Mont.,MT
Neb,NE
Nebr.,NE
Las Vegas,NV
N.H.,NH
Jersey,NJ
Albuquerque,NM
Brooklyn,NY
nyc,NY
New york,NY
Long Island,NY
Buffalo,NY
N.C.,NC
N.Dak.,ND
Okla.,OK
Cincinnati,OH
Dayton,OH
Portland,OR
PDX,OR
Philadelphia,PA
Philly,PA
Pittsburgh,PA
R.I.,RI
S.C.,SC
S.Dak.,SD
Memphis,TN
Nashville,TN
Houston,TX
Dallas,TX
Amarillo,TX
Austin,TX
san antonio,TX
Vt.,VT
Roanoke,VA
Spokane,WA
Seattle,WA
W.Va.,WV
Wis.,WI
Wisc.,WI
Wyo.,WY
